合租·富力新线公园5居室-南卧,富力新线公园,1890,https://hz.ziroom.com/x/807533232.html
合租·协安蓝郡4居室-南卧,协安蓝郡,1960,https://hz.ziroom.com/x/747526508.html
合租·天寓4居室-南卧,天寓,3090,https://hz.ziroom.com/x/807217490.html
合租·瑞立中央花城4居室-南卧,瑞立中央花城,2590,https://hz.ziroom.com/x/750037062.html
合租·协安蓝郡7居室-南卧,协安蓝郡,1890,https://hz.ziroom.com/x/753430607.html
合租·瑞立中央花城4居室-南卧,瑞立中央花城,2730,https://hz.ziroom.com/x/753555640.html
合租·富力新线公园5居室-南卧,富力新线公园,2490,https://hz.ziroom.com/x/807533204.html
合租·顺发和美家5居室-南卧,顺发和美家,2330,https://hz.ziroom.com/x/741916416.html
合租·首开国风美域4居室-南卧,首开国风美域,1960,https://hz.ziroom.com/x/765033165.html
合租·钱江三苑4居室-南卧,钱江三苑,2730,https://hz.ziroom.com/x/728218270.html
合租·奥兰多小镇3居室-南卧,奥兰多小镇,2090,https://hz.ziroom.com/x/748620280.html
合租·蓝天城市花园5居室-南卧,蓝天城市花园,2490,https://hz.ziroom.com/x/783935652.html
合租·半岛国际3居室-南卧,半岛国际,3260,https://hz.ziroom.com/x/773291745.html
合租·佳境天城佳合苑4居室-南卧,佳境天城佳合苑,2560,https://hz.ziroom.com/x/736837884.html
合租·瑞立中央花城5居室-南卧,瑞立中央花城,3190,https://hz.ziroom.com/x/732003695.html
合租·万家花城一期4居室-南卧,万家花城一期,2590,https://hz.ziroom.com/x/756675936.html
合租·春波西苑5居室-南卧,春波西苑,3060,https://hz.ziroom.com/x/772561820.html
合租·月雅苑5居室-南卧,月雅苑,2460,https://hz.ziroom.com/x/748587203.html
合租·协安蓝郡4居室-南卧,协安蓝郡,1690,https://hz.ziroom.com/x/766075721.html
合租·燕语林森公寓4居室-南卧,燕语林森公寓,2590,https://hz.ziroom.com/x/762964155.html
合租·钱江三苑4居室-南卧,钱江三苑,2590,https://hz.ziroom.com/x/727539949.html
合租·瑞立中央花城4居室-南卧,瑞立中央花城,3290,https://hz.ziroom.com/x/759611253.html
合租·顺发和美家6居室-南卧,顺发和美家,2260,https://hz.ziroom.com/x/731745190.html
合租·温馨人家4居室-南卧,温馨人家,2560,https://hz.ziroom.com/x/750389075.html
合租·温馨人家4居室-南卧,温馨人家,2490,https://hz.ziroom.com/x/747760472.html
合租·和达御观邸4居室-南卧,和达御观邸,2060,https://hz.ziroom.com/x/749993218.html
合租·瑞立中央花城7居室-南卧,瑞立中央花城,2530,https://hz.ziroom.com/x/769823122.html
合租·瑞立中央花城4居室-南卧,瑞立中央花城,2330,https://hz.ziroom.com/x/752888086.html
合租·协安蓝郡7居室-南卧,协安蓝郡,1860,https://hz.ziroom.com/x/753427794.html
合租·亲亲家园一期5居室-南卧,亲亲家园一期,2590,https://hz.ziroom.com/x/747073809.html
合租·温馨人家4居室-南卧,温馨人家,2530,https://hz.ziroom.com/x/748124998.html
合租·协安蓝郡4居室-南卧,协安蓝郡,1890,https://hz.ziroom.com/x/778500063.html
合租·招商武林郡5居室-南卧,招商武林郡,2390,https://hz.ziroom.com/x/807190078.html
合租·燕语林森公寓4居室-南卧,燕语林森公寓,2430,https://hz.ziroom.com/x/790006785.html
合租·世茂江滨花园碧景湾5居室-南卧,世茂江滨花园碧景湾,1790,https://hz.ziroom.com/x/771667965.html
合租·春天花园4居室-南卧,春天花园,2290,https://hz.ziroom.com/x/787739022.html
合租·云厦连园4居室-南卧,云厦连园,2990,https://hz.ziroom.com/x/749702703.html
合租·和达御观邸5居室-南卧,和达御观邸,2230,https://hz.ziroom.com/x/741152735.html
合租·和达御观邸5居室-南卧,和达御观邸,2130,https://hz.ziroom.com/x/735151248.html
合租·温馨人家4居室-南卧,温馨人家,2530,https://hz.ziroom.com/x/746537302.html
合租·瑞立中央花城4居室-南卧,瑞立中央花城,3030,https://hz.ziroom.com/x/753553215.html
合租·亲亲家园一期5居室-南卧,亲亲家园一期,1990,https://hz.ziroom.com/x/807088774.html
合租·钱江二苑4居室-南卧,钱江二苑,2560,https://hz.ziroom.com/x/807438137.html
合租·亲亲家园四期4居室-南卧,亲亲家园四期,2190,https://hz.ziroom.com/x/745226056.html
合租·理想银泰城4居室-东卧,理想银泰城,1430,https://hz.ziroom.com/x/735328370.html
合租·丰潭欣苑5居室-南卧,丰潭欣苑,2590,https://hz.ziroom.com/x/796511508.html
合租·瑞立中央花城4居室-南卧,瑞立中央花城,2460,https://hz.ziroom.com/x/756406179.html
合租·燕语林森公寓4居室-南卧,燕语林森公寓,2190,https://hz.ziroom.com/x/729477136.html
合租·燕语林森公寓4居室-南卧,燕语林森公寓,2390,https://hz.ziroom.com/x/747611771.html
合租·顺发江南丽锦5居室-南卧,顺发江南丽锦,2860,https://hz.ziroom.com/x/751380803.html
合租·文苑风情4居室-南卧,文苑风情,2260,https://hz.ziroom.com/x/756242249.html
合租·金桥花苑4居室-南卧,金桥花苑,1360,https://hz.ziroom.com/x/796396078.html
合租·蓝天城市花园5居室-南卧,蓝天城市花园,99,https://hz.ziroom.com/x/727684964.html
合租·钱江时代公寓3居室-南卧,钱江时代公寓,3030,https://hz.ziroom.com/x/761675122.html
合租·钱江三苑4居室-南卧,钱江三苑,3130,https://hz.ziroom.com/x/731353989.html
合租·下沙文汇苑4居室-南卧,下沙文汇苑,2330,https://hz.ziroom.com/x/727666631.html
合租·星洲花园红树林4居室-西南卧,星洲花园红树林,2490,https://hz.ziroom.com/x/752491259.html
合租·蓝天城市花园5居室-南卧,蓝天城市花园,2790,https://hz.ziroom.com/x/771841401.html
合租·云厦连园4居室-南卧,云厦连园,2630,https://hz.ziroom.com/x/725576863.html
合租·滨兴北苑小区4居室-南卧,滨兴北苑小区,2390,https://hz.ziroom.com/x/773241499.html
合租·顺发旺角城二期5居室-南卧,顺发旺角城二期,2160,https://hz.ziroom.com/x/749197818.html
合租·冠苑小区4居室-南卧,冠苑小区,79,https://hz.ziroom.com/x/723495825.html
合租·迎春小区4居室-南卧,迎春小区,2890,https://hz.ziroom.com/x/752322382.html
合租·协安蓝郡4居室-南卧,协安蓝郡,1860,https://hz.ziroom.com/x/732526331.html
合租·月雅苑4居室-南卧,月雅苑,2330,https://hz.ziroom.com/x/760311011.html
合租·瑞立中央花城4居室-南卧,瑞立中央花城,2530,https://hz.ziroom.com/x/759831928.html
合租·湖畔花园春晓苑4居室-南卧,湖畔花园春晓苑,79,https://hz.ziroom.com/x/730360709.html
合租·铭雅苑东区4居室-南卧,铭雅苑东区,1790,https://hz.ziroom.com/x/729236091.html
合租·彩虹城4居室-南卧,彩虹城,2560,https://hz.ziroom.com/x/736474716.html
合租·顺发旺角城5居室-南卧,顺发旺角城,2730,https://hz.ziroom.com/x/751857558.html
合租·文苑风情5居室-南卧,文苑风情,2230,https://hz.ziroom.com/x/772402449.html
合租·蓝天城市花园5居室-北卧,蓝天城市花园,2430,https://hz.ziroom.com/x/783982503.html
合租·金基晓庐4居室-南卧,金基晓庐,2760,https://hz.ziroom.com/x/752011788.html
合租·亲亲家园三期5居室-南卧,亲亲家园三期,99,https://hz.ziroom.com/x/724186950.html
合租·金瑞城市风景4居室-东卧,金瑞城市风景,1830,https://hz.ziroom.com/x/730052443.html
合租·云厦连园4居室-南卧,云厦连园,2430,https://hz.ziroom.com/x/777638024.html
合租·佳境天城天合苑6居室-东卧,佳境天城天合苑,2390,https://hz.ziroom.com/x/752707472.html
合租·天成嘉苑4居室-南卧,天成嘉苑,2430,https://hz.ziroom.com/x/727855393.html
合租·顺发江南丽锦3居室-南卧,顺发江南丽锦,2660,https://hz.ziroom.com/x/730212202.html
合租·银爵世纪公寓3居室-南卧,银爵世纪公寓,2260,https://hz.ziroom.com/x/748785374.html
合租·亲亲家园四期6居室-南卧,亲亲家园四期,1990,https://hz.ziroom.com/x/758798878.html
合租·钱江二苑4居室-南卧,钱江二苑,2560,https://hz.ziroom.com/x/807434616.html
合租·社坛苑3居室-南卧,社坛苑,2960,https://hz.ziroom.com/x/741917968.html
合租·紫金文苑5居室-南卧,紫金文苑,2060,https://hz.ziroom.com/x/793528564.html
合租·秀里华庭4居室-南卧,秀里华庭,2060,https://hz.ziroom.com/x/754314471.html
合租·彩虹城5居室-南卧,彩虹城,2990,https://hz.ziroom.com/x/751685383.html
合租·彩虹城5居室-南卧,彩虹城,3030,https://hz.ziroom.com/x/751927883.html
